assignment,original w1,original w2,aligned w1,aligned w2,status,collisions
2ALAN-H,122.289,8.063,122.312,8.062,CONVERGED,
5TYRN-H,115.350,7.271,115.397,7.275,CONVERGED,
6GLUN-H,121.475,8.104,121.491,8.104,CONVERGED,
7ILEN-H,120.120,7.445,120.144,7.442,CONVERGED,
8LEUN-H,115.350,7.041,115.339,7.041,CONVERGED,
9ASPN-H,119.977,7.906,119.968,7.908,CONVERGED,
10VALN-H,111.953,8.112,111.940,8.107,CONVERGED,
12ARGN-H,118.929,8.247,118.913,8.242,CONVERGED,
13SERN-H,107.962,7.142,107.956,7.137,CONVERGED,
14ALAN-H,124.751,7.600,124.773,7.600,CONVERGED,
15SERN-H,119.337,9.243,119.323,9.238,CONVERGED,
16ALAN-H,123.382,8.969,123.367,8.968,CONVERGED,
17ASPN-H,118.905,8.352,118.855,8.348,CONVERGED,
18ASPN-H,121.579,7.987,121.491,7.998,CONVERGED,
19ILEN-H,122.738,8.129,122.781,8.133,CONVERGED,
20LYSN-H,121.862,7.991,121.960,7.998,CONVERGED,
21LYSN-H,118.978,8.140,119.148,8.136,CONVERGED,
22ALAN-H,123.311,8.034,123.425,8.033,CONVERGED,
23TYRN-H,119.057,8.488,118.913,8.489,CONVERGED,
24ARGN-H,117.947,7.823,117.917,7.818,CONVERGED,
25ARGN-H,117.549,7.577,117.624,7.558,CONVERGED,
26LYSN-H,120.927,8.433,121.081,8.419,CONVERGED,
27ALAN-H,123.013,8.963,123.015,8.962,CONVERGED,
28LEUN-H,116.641,7.095,116.628,7.095,CONVERGED,
29GLNN-H,118.843,7.513,118.855,7.506,CONVERGED,
30TRPN-H,114.884,7.660,114.870,7.661,CONVERGED,
31HISN-H,122.108,7.242,122.136,7.243,CONVERGED,
33ASPN-H,120.657,10.752,120.613,10.763,CONVERGED,
34LYSN-H,117.037,7.791,117.038,7.789,CONVERGED,
35ASNN-H,119.454,7.542,119.441,7.526,CONVERGED,
37ASPN-H,117.225,8.473,117.390,8.473,CONVERGED,43GLUN-H
38ASNN-H,121.188,7.866,121.081,7.847,CONVERGED,
39LYSN-H,122.215,8.291,122.429,8.309,CONVERGED,
40GLUN-H,120.112,8.693,119.968,8.698,CONVERGED,
41PHEN-H,122.182,8.259,122.077,8.239,CONVERGED,
42ALAN-H,120.703,8.188,120.730,8.184,CONVERGED,
43GLUN-H,117.547,8.479,117.390,8.473,CONVERGED,37ASPN-H
44LYSN-H,119.903,7.271,120.085,7.291,CONVERGED,
45LYSN-H,119.783,7.521,119.792,7.529,CONVERGED,
46PHEN-H,121.925,9.277,121.902,9.276,CONVERGED,
47LYSN-H,120.114,8.057,120.085,8.049,CONVERGED,70ARGN-H
48GLUN-H,119.548,7.466,119.558,7.468,CONVERGED,
49VALN-H,120.582,7.646,120.554,7.641,CONVERGED,
50ALAN-H,122.440,8.008,122.546,8.017,CONVERGED,54GLUN-H
51GLUN-H,120.560,7.826,120.495,7.844,CONVERGED,
52ALAN-H,119.948,7.745,119.968,7.760,CONVERGED,
53TYRN-H,116.537,8.197,116.511,8.191,CONVERGED,
54GLUN-H,122.677,8.035,122.546,8.017,CONVERGED,50ALAN-H
55VALN-H,115.647,6.722,115.632,6.719,CONVERGED,
56LEUN-H,111.535,7.682,111.530,7.673,CONVERGED,
57SERN-H,109.475,7.756,109.479,7.747,CONVERGED,
58ASPN-H,125.851,6.953,125.828,6.944,CONVERGED,
59LYSN-H,126.380,8.694,126.414,8.685,CONVERGED,
60HISN-H,118.009,7.979,118.034,7.969,CONVERGED,
61LYSN-H,121.120,8.601,121.081,8.605,CONVERGED,
62ARGN-H,122.942,9.324,122.898,9.315,CONVERGED,
63GLUN-H,118.933,7.579,118.913,7.577,CONVERGED,
64ILEN-H,120.093,7.479,120.085,7.474,CONVERGED,
65TYRN-H,123.380,8.426,123.367,8.419,CONVERGED,
66ASPN-H,120.997,9.202,120.964,9.199,CONVERGED,
67ARGN-H,118.675,7.530,118.679,7.529,CONVERGED,
68TYRN-H,117.170,8.165,117.155,8.162,CONVERGED,
69GLYN-H,110.881,8.307,110.886,8.306,CONVERGED,
70ARGN-H,120.117,8.026,120.085,8.049,CONVERGED,47LYSN-H
71GLUN-H,122.605,8.497,122.663,8.499,CONVERGED,
72GLYN-H,116.306,7.881,116.276,7.879,CONVERGED,
